daily,monthly,Tempat_Rekreasi,Pusat_Perbelanjaan_dan_Apotek,Taman,Stasiun_Transit,Perkantoran,Perumahan
2020-02-15,2020-02-01,-6.0,-5.0,-11.0,3.0,5,1
2020-02-16,2020-02-01,-6.0,-5.0,-9.0,0.0,1,2
2020-02-17,2020-02-01,-4.0,-3.0,-6.0,3.0,2,1
2020-02-18,2020-02-01,-5.0,-3.0,-7.0,1.0,3,1
2020-02-19,2020-02-01,-1.0,-1.0,-1.0,3.0,2,0
2020-02-20,2020-02-01,-1.0,2.0,-2.0,6.0,2,1
2020-02-21,2020-02-01,1.0,1.0,1.0,2.0,5,0
2020-02-22,2020-02-01,0.0,0.0,-5.0,-1.0,5,0
2020-02-23,2020-02-01,-4.0,-3.0,-8.0,-6.0,4,2
2020-02-24,2020-02-01,-6.0,-5.0,-6.0,-1.0,2,2
2020-02-25,2020-02-01,-3.0,2.0,-4.0,-6.0,-7,3
2020-02-26,2020-02-01,-1.0,1.0,-3.0,2.0,2,0
2020-02-27,2020-02-01,2.0,7.0,0.0,5.0,4,0
2020-02-28,2020-02-01,0.0,4.0,-4.0,3.0,5,1
2020-02-29,2020-02-01,5.0,10.0,-4.0,8.0,7,-1
2020-03-01,2020-03-01,4.0,9.0,-6.0,7.0,4,0
2020-03-02,2020-03-01,9.0,18.0,6.0,8.0,4,-1
2020-03-03,2020-03-01,5.0,12.0,0.0,3.0,5,0
2020-03-04,2020-03-01,-1.0,3.0,-3.0,4.0,4,1
2020-03-05,2020-03-01,7.0,14.0,4.0,9.0,4,0
2020-03-06,2020-03-01,4.0,5.0,2.0,4.0,6,1
2020-03-07,2020-03-01,8.0,12.0,5.0,6.0,6,-1
2020-03-08,2020-03-01,1.0,5.0,-2.0,2.0,4,1
2020-03-09,2020-03-01,4.0,7.0,4.0,5.0,4,1
2020-03-10,2020-03-01,3.0,6.0,2.0,4.0,4,1
2020-03-11,2020-03-01,6.0,8.0,6.0,6.0,3,1
2020-03-12,2020-03-01,3.0,5.0,3.0,6.0,3,1
2020-03-13,2020-03-01,6.0,6.0,5.0,3.0,5,1
2020-03-14,2020-03-01,-7.0,-1.0,-8.0,-5.0,6,2
2020-03-15,2020-03-01,-10.0,2.0,-12.0,-10.0,4,4
2020-03-16,2020-03-01,-11.0,-2.0,-9.0,-11.0,-12,6
2020-03-17,2020-03-01,-9.0,2.0,-10.0,-16.0,-17,7
2020-03-18,2020-03-01,-10.0,1.0,-9.0,-20.0,-19,9
2020-03-19,2020-03-01,-18.0,-7.0,-17.0,-26.0,-21,10
2020-03-20,2020-03-01,-23.0,-9.0,-21.0,-34.0,-22,13
2020-03-21,2020-03-01,-25.0,-5.0,-27.0,-37.0,-10,9
2020-03-22,2020-03-01,-36.0,-16.0,-39.0,-44.0,-7,11
2020-03-23,2020-03-01,-27.0,-13.0,-22.0,-41.0,-29,14
2020-03-24,2020-03-01,-31.0,-13.0,-26.0,-43.0,-33,15
2020-03-25,2020-03-01,-34.0,-15.0,-26.0,-50.0,-60,23
2020-03-26,2020-03-01,-32.0,-13.0,-27.0,-45.0,-34,16
2020-03-27,2020-03-01,-33.0,-12.0,-27.0,-50.0,-34,18
2020-03-28,2020-03-01,-42.0,-18.0,-42.0,-52.0,-22,15
2020-03-29,2020-03-01,-50.0,-30.0,-51.0,-55.0,-16,16
2020-03-30,2020-03-01,-37.0,-20.0,-32.0,-50.0,-36,17
2020-03-31,2020-03-01,-34.0,-13.0,-28.0,-49.0,-37,17
2020-04-01,2020-04-01,-28.0,-5.0,-22.0,-47.0,-37,16
2020-04-02,2020-04-01,-30.0,-9.0,-24.0,-49.0,-37,17
2020-04-03,2020-04-01,-33.0,-16.0,-28.0,-54.0,-36,18
2020-04-04,2020-04-01,-43.0,-24.0,-45.0,-58.0,-26,16
2020-04-05,2020-04-01,-46.0,-25.0,-47.0,-58.0,-17,15
2020-04-06,2020-04-01,-34.0,-20.0,-29.0,-53.0,-37,17
2020-04-07,2020-04-01,-32.0,-15.0,-28.0,-50.0,-37,17
2020-04-08,2020-04-01,-31.0,-15.0,-26.0,-49.0,-37,17
2020-04-09,2020-04-01,-30.0,-11.0,-25.0,-46.0,-37,17
2020-04-10,2020-04-01,-41.0,-25.0,-32.0,-64.0,-62,27
2020-04-11,2020-04-01,-43.0,-23.0,-42.0,-60.0,-31,18
2020-04-12,2020-04-01,-48.0,-28.0,-47.0,-61.0,-17,16
2020-04-13,2020-04-01,-33.0,-18.0,-27.0,-54.0,-37,19
2020-04-14,2020-04-01,-33.0,-18.0,-28.0,-53.0,-38,18
2020-04-15,2020-04-01,-35.0,-20.0,-26.0,-55.0,-39,19
2020-04-16,2020-04-01,-33.0,-17.0,-24.0,-54.0,-39,19
2020-04-17,2020-04-01,-38.0,-25.0,-31.0,-60.0,-39,21
2020-04-18,2020-04-01,-45.0,-26.0,-44.0,-60.0,-25,16
2020-04-19,2020-04-01,-47.0,-27.0,-47.0,-61.0,-14,15
2020-04-20,2020-04-01,-33.0,-18.0,-27.0,-55.0,-37,18
2020-04-21,2020-04-01,-35.0,-19.0,-31.0,-54.0,-40,18
2020-04-22,2020-04-01,-34.0,-15.0,-26.0,-50.0,-40,18
2020-04-23,2020-04-01,-30.0,-5.0,-24.0,-45.0,-41,17
2020-04-24,2020-04-01,-50.0,-29.0,-44.0,-66.0,-48,26
2020-04-25,2020-04-01,-52.0,-29.0,-52.0,-66.0,-32,21
2020-04-26,2020-04-01,-56.0,-37.0,-59.0,-68.0,-20,20
2020-04-27,2020-04-01,-44.0,-30.0,-40.0,-61.0,-40,22
2020-04-28,2020-04-01,-45.0,-29.0,-41.0,-60.0,-41,21
2020-04-29,2020-04-01,-39.0,-20.0,-34.0,-57.0,-40,20
2020-04-30,2020-04-01,-38.0,-16.0,-33.0,-55.0,-40,20
2020-05-01,2020-05-01,-42.0,-19.0,-39.0,-66.0,-63,28
2020-05-02,2020-05-01,-46.0,-23.0,-48.0,-62.0,-30,19
2020-05-03,2020-05-01,-51.0,-29.0,-54.0,-65.0,-15,18
2020-05-04,2020-05-01,-38.0,-21.0,-34.0,-58.0,-38,20
2020-05-05,2020-05-01,-36.0,-16.0,-33.0,-55.0,-39,20
2020-05-06,2020-05-01,-40.0,-20.0,-35.0,-55.0,-40,21
2020-05-07,2020-05-01,-59.0,-11.0,-31.0,-56.0,-60,26
2020-05-08,2020-05-01,-60.0,-15.0,-34.0,-57.0,-39,22
2020-05-09,2020-05-01,-64.0,-19.0,-47.0,-57.0,-27,19
2020-05-10,2020-05-01,-68.0,-26.0,-55.0,-60.0,-14,18
2020-05-11,2020-05-01,-58.0,-13.0,-32.0,-52.0,-37,20
2020-05-12,2020-05-01,-58.0,-12.0,-32.0,-50.0,-39,20
2020-05-13,2020-05-01,-55.0,-6.0,-26.0,-48.0,-38,19
2020-05-14,2020-05-01,-50.0,0.0,-20.0,-45.0,-37,18
2020-05-15,2020-05-01,-49.0,0.0,-20.0,-48.0,-36,19
2020-05-16,2020-05-01,-53.0,-2.0,-34.0,-47.0,-22,16
2020-05-17,2020-05-01,-56.0,-8.0,-42.0,-49.0,-8,16
2020-05-18,2020-05-01,-52.0,-10.0,-25.0,-47.0,-37,20
2020-05-19,2020-05-01,-43.0,14.0,-10.0,-37.0,-37,18
2020-05-20,2020-05-01,-40.0,9.0,-12.0,-36.0,-38,18
2020-05-21,2020-05-01,-30.0,34.0,5.0,-30.0,-60,21
2020-05-22,2020-05-01,-37.0,21.0,-2.0,-38.0,-52,22
2020-05-23,2020-05-01,-49.0,11.0,-19.0,-40.0,-41,17
2020-05-24,2020-05-01,-60.0,-23.0,-33.0,-53.0,-25,7
2020-05-25,2020-05-01,-48.0,-8.0,-1.0,-50.0,-72,21
2020-05-26,2020-05-01,-43.0,1.0,-3.0,-43.0,-51,18
2020-05-27,2020-05-01,-44.0,-3.0,-8.0,-44.0,-45,19
2020-05-28,2020-05-01,-39.0,9.0,-3.0,-41.0,-41,18
2020-05-29,2020-05-01,-48.0,-8.0,-20.0,-51.0,-39,21
2020-05-30,2020-05-01,-47.0,-2.0,-23.0,-46.0,-23,14
2020-05-31,2020-05-01,-48.0,-5.0,-24.0,-45.0,-5,12
2020-06-01,2020-06-01,-37.0,5.0,5.0,-44.0,-59,22
2020-06-02,2020-06-01,-40.0,3.0,-9.0,-39.0,-30,15
2020-06-03,2020-06-01,-38.0,5.0,-6.0,-38.0,-30,16
2020-06-04,2020-06-01,-38.0,7.0,-6.0,-37.0,-30,16
2020-06-05,2020-06-01,-39.0,0.0,-14.0,-44.0,-28,17
2020-06-06,2020-06-01,-41.0,-1.0,-20.0,-42.0,-15,13
2020-06-07,2020-06-01,-42.0,-3.0,-19.0,-42.0,-3,12
2020-06-08,2020-06-01,-36.0,0.0,-10.0,-37.0,-26,15
2020-06-09,2020-06-01,-37.0,0.0,-12.0,-36.0,-27,15
2020-06-10,2020-06-01,-34.0,4.0,-6.0,-33.0,-27,15
2020-06-11,2020-06-01,-32.0,5.0,-8.0,-35.0,-27,15
2020-06-12,2020-06-01,-34.0,0.0,-11.0,-40.0,-26,16
2020-06-13,2020-06-01,-36.0,0.0,-13.0,-37.0,-14,12
2020-06-14,2020-06-01,-36.0,-1.0,-10.0,-35.0,0,10
2020-06-15,2020-06-01,-32.0,1.0,-7.0,-34.0,-25,14
2020-06-16,2020-06-01,-32.0,2.0,-8.0,-32.0,-26,14
2020-06-17,2020-06-01,-30.0,4.0,-4.0,-30.0,-26,13
2020-06-18,2020-06-01,-30.0,4.0,-8.0,-32.0,-26,13
2020-06-19,2020-06-01,-32.0,-2.0,-13.0,-37.0,-25,15
2020-06-20,2020-06-01,-33.0,1.0,-11.0,-35.0,-12,10
2020-06-21,2020-06-01,-35.0,-3.0,-9.0,-34.0,0,10
2020-06-22,2020-06-01,-32.0,-3.0,-9.0,-33.0,-27,14
2020-06-23,2020-06-01,-30.0,1.0,-8.0,-31.0,-27,14
2020-06-24,2020-06-01,-30.0,0.0,-5.0,-30.0,-26,13
2020-06-25,2020-06-01,-28.0,7.0,-5.0,-29.0,-26,13
2020-06-26,2020-06-01,-31.0,1.0,-9.0,-34.0,-25,14
2020-06-27,2020-06-01,-30.0,5.0,-6.0,-29.0,-14,10
2020-06-28,2020-06-01,-31.0,1.0,-3.0,-29.0,0,9
2020-06-29,2020-06-01,-28.0,3.0,-3.0,-30.0,-25,13
2020-06-30,2020-06-01,-23.0,9.0,-2.0,-29.0,-25,12
2020-07-01,2020-07-01,-21.0,12.0,2.0,-26.0,-25,12
2020-07-02,2020-07-01,-25.0,8.0,-6.0,-27.0,-26,13
2020-07-03,2020-07-01,-24.0,6.0,-2.0,-29.0,-24,14
2020-07-04,2020-07-01,-23.0,10.0,4.0,-26.0,-14,9
2020-07-05,2020-07-01,-24.0,8.0,8.0,-23.0,-1,8
2020-07-06,2020-07-01,-24.0,4.0,-2.0,-27.0,-26,13
2020-07-07,2020-07-01,-21.0,10.0,2.0,-24.0,-25,12
2020-07-08,2020-07-01,-22.0,6.0,3.0,-24.0,-24,12
2020-07-09,2020-07-01,-21.0,11.0,3.0,-23.0,-24,12
2020-07-10,2020-07-01,-24.0,5.0,-2.0,-29.0,-23,13
2020-07-11,2020-07-01,-24.0,7.0,2.0,-25.0,-11,9
2020-07-12,2020-07-01,-26.0,5.0,2.0,-25.0,1,9
2020-07-13,2020-07-01,-24.0,4.0,-3.0,-28.0,-23,12
2020-07-14,2020-07-01,-26.0,2.0,-5.0,-29.0,-24,13
2020-07-15,2020-07-01,-23.0,3.0,-4.0,-28.0,-23,13
2020-07-16,2020-07-01,-22.0,7.0,-4.0,-28.0,-23,13
2020-07-17,2020-07-01,-24.0,1.0,-5.0,-33.0,-22,14
2020-07-18,2020-07-01,-24.0,4.0,-3.0,-31.0,-11,10
2020-07-19,2020-07-01,-27.0,1.0,-4.0,-31.0,2,9
2020-07-20,2020-07-01,-24.0,2.0,-5.0,-31.0,-23,13
2020-07-21,2020-07-01,-26.0,0.0,-8.0,-31.0,-24,14
2020-07-22,2020-07-01,-23.0,2.0,-4.0,-29.0,-23,14
2020-07-23,2020-07-01,-24.0,4.0,-6.0,-29.0,-23,14
2020-07-24,2020-07-01,-24.0,2.0,-3.0,-32.0,-22,14
2020-07-25,2020-07-01,-23.0,6.0,-1.0,-28.0,-11,10
2020-07-26,2020-07-01,-25.0,3.0,-3.0,-28.0,2,9
2020-07-27,2020-07-01,-23.0,3.0,-2.0,-28.0,-23,13
2020-07-28,2020-07-01,-22.0,7.0,-3.0,-25.0,-24,13
2020-07-29,2020-07-01,-18.0,12.0,3.0,-18.0,-24,13
2020-07-30,2020-07-01,-8.0,35.0,18.0,2.0,-27,10
2020-07-31,2020-07-01,-26.0,0.0,21.0,-31.0,-64,20
2020-08-01,2020-08-01,-23.0,8.0,18.0,-28.0,-25,10
2020-08-02,2020-08-01,-22.0,9.0,9.0,-12.0,-4,6
2020-08-03,2020-08-01,-17.0,10.0,9.0,-16.0,-25,12
2020-08-04,2020-08-01,-20.0,9.0,3.0,-22.0,-25,13
2020-08-05,2020-08-01,-17.0,11.0,7.0,-22.0,-24,12
2020-08-06,2020-08-01,-16.0,13.0,6.0,-22.0,-24,12
2020-08-07,2020-08-01,-19.0,6.0,3.0,-27.0,-23,12
2020-08-08,2020-08-01,-19.0,9.0,6.0,-22.0,-12,8
2020-08-09,2020-08-01,-21.0,6.0,3.0,-23.0,1,8
2020-08-10,2020-08-01,-17.0,9.0,6.0,-25.0,-23,12
2020-08-11,2020-08-01,-20.0,6.0,1.0,-26.0,-24,12
2020-08-12,2020-08-01,-15.0,9.0,8.0,-23.0,-23,12
2020-08-13,2020-08-01,-20.0,5.0,-1.0,-25.0,-24,13
2020-08-14,2020-08-01,-18.0,6.0,0.0,-25.0,-23,13
2020-08-15,2020-08-01,-17.0,10.0,8.0,-15.0,-11,8
2020-08-16,2020-08-01,-17.0,8.0,22.0,-17.0,0,7
2020-08-17,2020-08-01,-12.0,6.0,50.0,-25.0,-61,19
2020-08-18,2020-08-01,-20.0,6.0,4.0,-22.0,-23,11
2020-08-19,2020-08-01,-14.0,12.0,14.0,-15.0,-23,10
2020-08-20,2020-08-01,-9.0,14.0,41.0,-18.0,-55,18
2020-08-21,2020-08-01,-16.0,5.0,25.0,-32.0,-37,16
2020-08-22,2020-08-01,-22.0,0.0,14.0,-27.0,-12,10
2020-08-23,2020-08-01,-26.0,-3.0,2.0,-24.0,2,9
2020-08-24,2020-08-01,-20.0,1.0,2.0,-27.0,-21,12
2020-08-25,2020-08-01,-19.0,7.0,2.0,-27.0,-22,12
2020-08-26,2020-08-01,-17.0,7.0,6.0,-26.0,-21,12
2020-08-27,2020-08-01,-15.0,12.0,7.0,-25.0,-21,12
2020-08-28,2020-08-01,-17.0,9.0,6.0,-28.0,-20,13
2020-08-29,2020-08-01,-18.0,9.0,9.0,-26.0,-9,9
2020-08-30,2020-08-01,-19.0,8.0,11.0,-25.0,3,8
2020-08-31,2020-08-01,-16.0,9.0,7.0,-27.0,-21,12
2020-09-01,2020-09-01,-15.0,14.0,7.0,-25.0,-22,12
2020-09-02,2020-09-01,-15.0,11.0,8.0,-25.0,-22,12
2020-09-03,2020-09-01,-13.0,13.0,7.0,-25.0,-23,12
2020-09-04,2020-09-01,-16.0,8.0,6.0,-30.0,-22,14
2020-09-05,2020-09-01,-17.0,10.0,13.0,-27.0,-12,10
2020-09-06,2020-09-01,-17.0,8.0,15.0,-25.0,0,8
2020-09-07,2020-09-01,-16.0,7.0,9.0,-28.0,-23,13
2020-09-08,2020-09-01,-16.0,8.0,7.0,-27.0,-23,13
2020-09-09,2020-09-01,-16.0,8.0,10.0,-27.0,-22,12
2020-09-10,2020-09-01,-15.0,10.0,8.0,-26.0,-23,12
2020-09-11,2020-09-01,-16.0,4.0,7.0,-30.0,-22,13
2020-09-12,2020-09-01,-18.0,5.0,9.0,-29.0,-11,9
2020-09-13,2020-09-01,-21.0,1.0,7.0,-27.0,0,9
2020-09-14,2020-09-01,-21.0,-2.0,1.0,-38.0,-23,15
2020-09-15,2020-09-01,-22.0,-2.0,-2.0,-37.0,-24,15
2020-09-16,2020-09-01,-17.0,5.0,4.0,-34.0,-24,15
2020-09-17,2020-09-01,-18.0,4.0,1.0,-35.0,-24,15
2020-09-18,2020-09-01,-21.0,-1.0,-1.0,-39.0,-23,17
2020-09-19,2020-09-01,-22.0,0.0,-1.0,-38.0,-11,13
2020-09-20,2020-09-01,-31.0,-10.0,-12.0,-42.0,-3,14
2020-09-21,2020-09-01,-24.0,-6.0,-7.0,-38.0,-25,16
2020-09-22,2020-09-01,-28.0,-8.0,-11.0,-37.0,-27,17
2020-09-23,2020-09-01,-24.0,-2.0,-2.0,-34.0,-25,16
2020-09-24,2020-09-01,-24.0,-2.0,-3.0,-33.0,-26,16
2020-09-25,2020-09-01,-24.0,0.0,-3.0,-36.0,-24,18
2020-09-26,2020-09-01,-25.0,1.0,-4.0,-34.0,-12,13
2020-09-27,2020-09-01,-31.0,-7.0,-8.0,-35.0,-4,14
2020-09-28,2020-09-01,-24.0,0.0,-3.0,-32.0,-25,16
2020-09-29,2020-09-01,-24.0,0.0,-3.0,-30.0,-26,16
2020-09-30,2020-09-01,-20.0,9.0,3.0,-28.0,-26,14
2020-10-01,2020-10-01,-19.0,15.0,3.0,-27.0,-26,11
2020-10-02,2020-10-01,-20.0,7.0,3.0,-31.0,-25,12
2020-10-03,2020-10-01,-22.0,8.0,-1.0,-28.0,-17,9
2020-10-04,2020-10-01,-22.0,5.0,7.0,-26.0,-8,7
2020-10-05,2020-10-01,-21.0,5.0,4.0,-28.0,-27,11
2020-10-06,2020-10-01,-22.0,3.0,2.0,-29.0,-28,12
2020-10-07,2020-10-01,-19.0,7.0,7.0,-28.0,-26,12
2020-10-08,2020-10-01,-20.0,6.0,5.0,-27.0,-26,14
2020-10-09,2020-10-01,-22.0,1.0,-1.0,-34.0,-24,16
2020-10-10,2020-10-01,-24.0,2.0,-4.0,-31.0,-12,12
2020-10-11,2020-10-01,-22.0,3.0,6.0,-28.0,-2,10
2020-10-12,2020-10-01,-21.0,2.0,3.0,-30.0,-24,14
2020-10-13,2020-10-01,-22.0,0.0,-1.0,-32.0,-25,15
2020-10-14,2020-10-01,-18.0,4.0,4.0,-28.0,-23,14
2020-10-15,2020-10-01,-18.0,9.0,3.0,-26.0,-23,15
2020-10-16,2020-10-01,-25.0,-4.0,-6.0,-33.0,-23,17
2020-10-17,2020-10-01,-21.0,7.0,0.0,-26.0,-11,12
2020-10-18,2020-10-01,-22.0,3.0,4.0,-25.0,-3,11
2020-10-19,2020-10-01,-25.0,-2.0,-6.0,-29.0,-23,15
2020-10-20,2020-10-01,-25.0,-2.0,-8.0,-28.0,-25,15
2020-10-21,2020-10-01,-25.0,-4.0,-8.0,-28.0,-25,14
2020-10-22,2020-10-01,-19.0,7.0,-3.0,-25.0,-25,11
2020-10-23,2020-10-01,-20.0,4.0,-3.0,-29.0,-23,12
2020-10-24,2020-10-01,-23.0,2.0,-6.0,-25.0,-13,8
2020-10-25,2020-10-01,-23.0,2.0,-2.0,-23.0,-5,7
2020-10-26,2020-10-01,-23.0,0.0,-6.0,-27.0,-24,11
2020-10-27,2020-10-01,-20.0,6.0,-5.0,-18.0,-25,10
2020-10-28,2020-10-01,-5.0,21.0,21.0,-3.0,-37,10
2020-10-29,2020-10-01,2.0,22.0,50.0,-6.0,-58,14
2020-10-30,2020-10-01,-12.0,6.0,21.0,-26.0,-41,14
2020-10-31,2020-10-01,-24.0,-4.0,0.0,-19.0,-18,9
2020-11-01,2020-11-01,-19.0,5.0,3.0,-7.0,-7,6
2020-11-02,2020-11-01,-17.0,6.0,-1.0,-19.0,-24,10
2020-11-03,2020-11-01,-15.0,8.0,-1.0,-22.0,-24,10
2020-11-04,2020-11-01,-14.0,7.0,1.0,-22.0,-24,10
2020-11-05,2020-11-01,-17.0,6.0,-7.0,-24.0,-26,11
2020-11-06,2020-11-01,-16.0,4.0,-1.0,-27.0,-23,11
2020-11-07,2020-11-01,-17.0,4.0,0.0,-21.0,-14,7
2020-11-08,2020-11-01,-18.0,3.0,5.0,-20.0,-7,7
2020-11-09,2020-11-01,-19.0,2.0,-1.0,-25.0,-24,10
2020-11-10,2020-11-01,-18.0,3.0,-5.0,-26.0,-25,10
2020-11-11,2020-11-01,-15.0,7.0,0.0,-24.0,-24,10
2020-11-12,2020-11-01,-15.0,8.0,-2.0,-23.0,-24,10
2020-11-13,2020-11-01,-17.0,3.0,-2.0,-27.0,-23,11
2020-11-14,2020-11-01,-19.0,1.0,-4.0,-24.0,-13,8
2020-11-15,2020-11-01,-16.0,4.0,8.0,-19.0,-5,6
2020-11-16,2020-11-01,-19.0,1.0,-3.0,-26.0,-24,10
2020-11-17,2020-11-01,-19.0,2.0,-4.0,-26.0,-25,10
2020-11-18,2020-11-01,-17.0,4.0,-1.0,-24.0,-24,10
2020-11-19,2020-11-01,-16.0,6.0,-3.0,-24.0,-24,10
2020-11-20,2020-11-01,-18.0,1.0,-6.0,-28.0,-23,12
2020-11-21,2020-11-01,-20.0,1.0,-6.0,-25.0,-13,8
2020-11-22,2020-11-01,-20.0,-1.0,-1.0,-23.0,-7,7
2020-11-23,2020-11-01,-22.0,-4.0,-9.0,-28.0,-24,11
2020-11-24,2020-11-01,-24.0,-5.0,-13.0,-28.0,-25,11
2020-11-25,2020-11-01,-17.0,7.0,-4.0,-23.0,-24,10
2020-11-26,2020-11-01,-12.0,13.0,1.0,-21.0,-24,9
2020-11-27,2020-11-01,-17.0,3.0,-3.0,-26.0,-23,11
2020-11-28,2020-11-01,-17.0,6.0,-5.0,-21.0,-12,7
2020-11-29,2020-11-01,-17.0,4.0,2.0,-18.0,-5,7
2020-11-30,2020-11-01,-18.0,6.0,-8.0,-25.0,-23,10
2020-12-01,2020-12-01,-15.0,12.0,-6.0,-24.0,-24,10
2020-12-02,2020-12-01,-12.0,13.0,0.0,-22.0,-23,10
2020-12-03,2020-12-01,-12.0,13.0,-2.0,-23.0,-24,11
2020-12-04,2020-12-01,-16.0,5.0,-6.0,-27.0,-23,11
2020-12-05,2020-12-01,-16.0,8.0,-6.0,-22.0,-12,7
2020-12-06,2020-12-01,-26.0,-6.0,-19.0,-26.0,-10,10
2020-12-07,2020-12-01,-19.0,3.0,-6.0,-27.0,-26,11
2020-12-08,2020-12-01,-16.0,8.0,-2.0,-23.0,-24,9
2020-12-09,2020-12-01,-9.0,9.0,9.0,-29.0,-55,18
2020-12-10,2020-12-01,-14.0,11.0,0.0,-19.0,-22,12
2020-12-11,2020-12-01,-16.0,6.0,-1.0,-24.0,-21,14
2020-12-12,2020-12-01,-18.0,8.0,-2.0,-19.0,-9,10
2020-12-13,2020-12-01,-21.0,0.0,-3.0,-18.0,-1,11
2020-12-14,2020-12-01,-19.0,0.0,-2.0,-22.0,-22,14
2020-12-15,2020-12-01,-18.0,4.0,-2.0,-20.0,-23,14
2020-12-16,2020-12-01,-15.0,7.0,3.0,-18.0,-22,13
2020-12-17,2020-12-01,-13.0,11.0,5.0,-16.0,-22,13
2020-12-18,2020-12-01,-16.0,5.0,2.0,-22.0,-21,14
2020-12-19,2020-12-01,-17.0,8.0,2.0,-18.0,-7,10
2020-12-20,2020-12-01,-19.0,3.0,4.0,-16.0,0,10
2020-12-21,2020-12-01,-16.0,5.0,4.0,-20.0,-24,13
2020-12-22,2020-12-01,-15.0,7.0,5.0,-16.0,-25,13
2020-12-23,2020-12-01,-10.0,14.0,13.0,-6.0,-25,12
2020-12-24,2020-12-01,-7.0,19.0,21.0,-5.0,-42,16
2020-12-25,2020-12-01,-12.0,8.0,25.0,-27.0,-58,21
2020-12-26,2020-12-01,-20.0,4.0,8.0,-26.0,-21,12
2020-12-27,2020-12-01,-21.0,0.0,6.0,-18.0,-1,10
2020-12-28,2020-12-01,-14.0,8.0,11.0,-21.0,-29,14
2020-12-29,2020-12-01,-16.0,6.0,6.0,-20.0,-31,15
2020-12-30,2020-12-01,-10.0,15.0,15.0,-12.0,-31,14
2020-12-31,2020-12-01,0.0,37.0,41.0,-7.0,-47,14
2021-01-01,2021-01-01,-20.0,1.0,37.0,-37.0,-67,22
2021-01-02,2021-01-01,-20.0,7.0,20.0,-24.0,-29,12
2021-01-03,2021-01-01,-27.0,-4.0,6.0,-16.0,-6,11
2021-01-04,2021-01-01,-18.0,7.0,6.0,-19.0,-25,14
2021-01-05,2021-01-01,-18.0,9.0,4.0,-22.0,-25,14
2021-01-06,2021-01-01,-16.0,6.0,3.0,-24.0,-24,14
2021-01-07,2021-01-01,-13.0,12.0,6.0,-23.0,-25,14
2021-01-08,2021-01-01,-19.0,2.0,-3.0,-30.0,-23,15
2021-01-09,2021-01-01,-30.0,-8.0,-17.0,-33.0,-13,12
2021-01-10,2021-01-01,-20.0,5.0,-2.0,-25.0,-3,10
2021-01-11,2021-01-01,-20.0,1.0,-3.0,-31.0,-25,14
2021-01-12,2021-01-01,-24.0,-5.0,-11.0,-32.0,-27,15
2021-01-13,2021-01-01,-22.0,-3.0,-7.0,-32.0,-28,13
2021-01-14,2021-01-01,-25.0,-8.0,-14.0,-37.0,-33,12
2021-01-15,2021-01-01,-28.0,-14.0,-16.0,-44.0,-34,13
2021-01-16,2021-01-01,-34.0,-17.0,-25.0,-45.0,-25,10
2021-01-17,2021-01-01,-31.0,-14.0,-17.0,-42.0,-16,10
2021-01-18,2021-01-01,-31.0,-17.0,-21.0,-42.0,-34,14
2021-01-19,2021-01-01,-30.0,-15.0,-20.0,-40.0,-35,14
2021-01-20,2021-01-01,-28.0,-12.0,-19.0,-39.0,-33,15
2021-01-21,2021-01-01,-29.0,-12.0,-20.0,-39.0,-33,15
2021-01-22,2021-01-01,-29.0,-15.0,-19.0,-42.0,-31,16
2021-01-23,2021-01-01,-30.0,-11.0,-23.0,-42.0,-19,11
2021-01-24,2021-01-01,-34.0,-17.0,-25.0,-43.0,-13,13
2021-01-25,2021-01-01,-28.0,-12.0,-18.0,-38.0,-30,14
2021-01-26,2021-01-01,-27.0,-10.0,-18.0,-36.0,-31,14
2021-01-27,2021-01-01,-24.0,-6.0,-15.0,-34.0,-30,14
2021-01-28,2021-01-01,-21.0,-1.0,-14.0,-32.0,-30,13
2021-01-29,2021-01-01,-25.0,-6.0,-18.0,-36.0,-29,14
2021-01-30,2021-01-01,-28.0,-4.0,-27.0,-35.0,-18,9
2021-01-31,2021-01-01,-23.0,1.0,-20.0,-30.0,-8,8
2021-02-01,2021-02-01,-24.0,-2.0,-17.0,-33.0,-29,11
2021-02-02,2021-02-01,-22.0,2.0,-17.0,-31.0,-30,11
2021-02-03,2021-02-01,-23.0,-3.0,-18.0,-32.0,-30,12
2021-02-04,2021-02-01,-23.0,-3.0,-20.0,-31.0,-31,11
2021-02-05,2021-02-01,-20.0,1.0,-15.0,-34.0,-29,11
2021-02-06,2021-02-01,-24.0,-1.0,-22.0,-34.0,-20,8
2021-02-07,2021-02-01,-34.0,-16.0,-34.0,-38.0,-16,10
2021-02-08,2021-02-01,-25.0,-7.0,-20.0,-32.0,-32,11
2021-02-09,2021-02-01,-21.0,0.0,-16.0,-29.0,-31,10
2021-02-10,2021-02-01,-18.0,2.0,-14.0,-27.0,-29,10
2021-02-11,2021-02-01,-13.0,9.0,-7.0,-18.0,-29,8
2021-02-12,2021-02-01,-14.0,3.0,4.0,-36.0,-60,17
2021-02-13,2021-02-01,-23.0,-1.0,-11.0,-37.0,-25,8
2021-02-14,2021-02-01,-26.0,-5.0,-16.0,-30.0,-12,7
2021-02-15,2021-02-01,-22.0,-3.0,-15.0,-29.0,-29,10
2021-02-16,2021-02-01,-23.0,-3.0,-17.0,-31.0,-30,10
2021-02-17,2021-02-01,-20.0,1.0,-15.0,-29.0,-28,10
2021-02-18,2021-02-01,-26.0,-7.0,-23.0,-32.0,-29,11
2021-02-19,2021-02-01,-23.0,-2.0,-18.0,-36.0,-29,12
2021-02-20,2021-02-01,-28.0,-4.0,-24.0,-38.0,-21,9
2021-02-21,2021-02-01,-26.0,-3.0,-19.0,-35.0,-11,7
2021-02-22,2021-02-01,-23.0,-3.0,-14.0,-32.0,-28,9
2021-02-23,2021-02-01,-23.0,-2.0,-16.0,-31.0,-28,10
2021-02-24,2021-02-01,-21.0,-1.0,-15.0,-30.0,-27,10
2021-02-25,2021-02-01,-17.0,9.0,-13.0,-27.0,-27,10
2021-02-26,2021-02-01,-16.0,9.0,-12.0,-30.0,-25,10
2021-02-27,2021-02-01,-14.0,15.0,-10.0,-26.0,-14,5
2021-02-28,2021-02-01,-17.0,10.0,-8.0,-24.0,-6,5
2021-03-01,2021-03-01,-17.0,8.0,-10.0,-27.0,-26,8
2021-03-02,2021-03-01,-17.0,9.0,-12.0,-25.0,-27,9
2021-03-03,2021-03-01,-15.0,9.0,-10.0,-25.0,-26,9
2021-03-04,2021-03-01,-18.0,5.0,-13.0,-25.0,-27,9
2021-03-05,2021-03-01,-17.0,6.0,-10.0,-28.0,-25,10
2021-03-06,2021-03-01,-19.0,6.0,-14.0,-24.0,-15,6
2021-03-07,2021-03-01,-20.0,3.0,-10.0,-24.0,-10,6
2021-03-08,2021-03-01,-19.0,3.0,-13.0,-26.0,-27,9
2021-03-09,2021-03-01,-16.0,6.0,-9.0,-25.0,-27,9
2021-03-10,2021-03-01,-11.0,13.0,0.0,-15.0,-26,7
2021-03-11,2021-03-01,-2.0,18.0,17.0,-20.0,-59,15
2021-03-12,2021-03-01,-17.0,4.0,-6.0,-29.0,-28,11
2021-03-13,2021-03-01,-16.0,8.0,-3.0,-26.0,-17,6
2021-03-14,2021-03-01,-17.0,6.0,0.0,-19.0,-10,6
2021-03-15,2021-03-01,-16.0,6.0,-6.0,-23.0,-25,9
2021-03-16,2021-03-01,-21.0,1.0,-14.0,-26.0,-26,10
2021-03-17,2021-03-01,-16.0,7.0,-7.0,-24.0,-24,9
2021-03-18,2021-03-01,-18.0,4.0,-12.0,-24.0,-24,10
2021-03-19,2021-03-01,-17.0,4.0,-10.0,-28.0,-23,10
2021-03-20,2021-03-01,-16.0,9.0,-6.0,-25.0,-12,6
2021-03-21,2021-03-01,-19.0,3.0,-4.0,-24.0,-7,6
2021-03-22,2021-03-01,-19.0,2.0,-10.0,-26.0,-24,9
2021-03-23,2021-03-01,-19.0,2.0,-12.0,-26.0,-25,9
2021-03-24,2021-03-01,-18.0,3.0,-11.0,-24.0,-24,9
2021-03-25,2021-03-01,-15.0,10.0,-11.0,-21.0,-24,9
2021-03-26,2021-03-01,-12.0,11.0,-3.0,-23.0,-22,9
2021-03-27,2021-03-01,-20.0,4.0,-11.0,-23.0,-13,6
2021-03-28,2021-03-01,-14.0,11.0,-1.0,-18.0,-5,5
2021-03-29,2021-03-01,-14.0,10.0,-4.0,-22.0,-23,8
2021-03-30,2021-03-01,-17.0,5.0,-13.0,-23.0,-25,9
2021-03-31,2021-03-01,-13.0,10.0,-7.0,-17.0,-24,8
2021-04-01,2021-04-01,-1.0,30.0,5.0,2.0,-23,5
2021-04-02,2021-04-01,4.0,28.0,31.0,-6.0,-56,13
2021-04-03,2021-04-01,-12.0,14.0,7.0,-16.0,-20,6
2021-04-04,2021-04-01,-10.0,17.0,12.0,1.0,-6,2
2021-04-05,2021-04-01,-10.0,16.0,3.0,-12.0,-23,7
2021-04-06,2021-04-01,-9.0,16.0,1.0,-14.0,-24,7
2021-04-07,2021-04-01,-7.0,17.0,5.0,-12.0,-24,7
2021-04-08,2021-04-01,-3.0,22.0,9.0,-10.0,-23,6
2021-04-09,2021-04-01,-4.0,17.0,6.0,-13.0,-21,7
2021-04-10,2021-04-01,-5.0,22.0,8.0,-6.0,-11,3
2021-04-11,2021-04-01,-9.0,17.0,8.0,-3.0,-6,3
2021-04-12,2021-04-01,-2.0,29.0,12.0,-5.0,-27,6
2021-04-13,2021-04-01,-32.0,-1.0,-27.0,-32.0,-35,16
2021-04-14,2021-04-01,-25.0,2.0,-22.0,-27.0,-29,13
2021-04-15,2021-04-01,-22.0,4.0,-20.0,-25.0,-25,13
2021-04-16,2021-04-01,-18.0,8.0,-13.0,-29.0,-23,13
2021-04-17,2021-04-01,-24.0,2.0,-27.0,-34.0,-13,11
2021-04-18,2021-04-01,-25.0,1.0,-29.0,-32.0,-5,12
2021-04-19,2021-04-01,-20.0,2.0,-15.0,-27.0,-23,12
2021-04-20,2021-04-01,-16.0,10.0,-12.0,-24.0,-24,11
2021-04-21,2021-04-01,-14.0,10.0,-8.0,-24.0,-23,11
2021-04-22,2021-04-01,-14.0,11.0,-11.0,-23.0,-22,11
2021-04-23,2021-04-01,-15.0,8.0,-12.0,-27.0,-21,13
2021-04-24,2021-04-01,-16.0,10.0,-21.0,-27.0,-9,10
2021-04-25,2021-04-01,-17.0,8.0,-25.0,-27.0,-1,11
2021-04-26,2021-04-01,-13.0,10.0,-8.0,-23.0,-21,11
2021-04-27,2021-04-01,-13.0,11.0,-11.0,-22.0,-23,11
2021-04-28,2021-04-01,-11.0,12.0,-12.0,-21.0,-23,11
2021-04-29,2021-04-01,-5.0,23.0,-6.0,-16.0,-21,10
2021-04-30,2021-04-01,-3.0,25.0,-4.0,-17.0,-19,10
2021-05-01,2021-05-01,-1.0,29.0,-8.0,-13.0,-31,9
2021-05-02,2021-05-01,-3.0,26.0,-15.0,-12.0,1,7
2021-05-03,2021-05-01,2.0,30.0,4.0,-11.0,-22,8
2021-05-04,2021-05-01,2.0,33.0,3.0,-4.0,-23,8
2021-05-05,2021-05-01,3.0,32.0,4.0,-3.0,-24,8
2021-05-06,2021-05-01,3.0,34.0,2.0,-19.0,-23,10
2021-05-07,2021-05-01,5.0,33.0,6.0,-26.0,-22,10
2021-05-08,2021-05-01,-2.0,30.0,-9.0,-26.0,-13,8
2021-05-09,2021-05-01,0.0,31.0,-11.0,-24.0,0,8
2021-05-10,2021-05-01,13.0,44.0,18.0,-17.0,-33,10
2021-05-11,2021-05-01,16.0,56.0,25.0,-6.0,-39,10
2021-05-12,2021-05-01,18.0,68.0,45.0,-9.0,-63,15
2021-05-13,2021-05-01,-5.0,28.0,50.0,-30.0,-72,6
2021-05-14,2021-05-01,1.0,31.0,69.0,-29.0,-73,14
2021-05-15,2021-05-01,-6.0,26.0,58.0,-22.0,-49,7
2021-05-16,2021-05-01,-7.0,23.0,33.0,-20.0,-16,5
2021-05-17,2021-05-01,4.0,30.0,41.0,-19.0,-36,10
2021-05-18,2021-05-01,3.0,30.0,35.0,-5.0,-33,9
2021-05-19,2021-05-01,4.0,30.0,35.0,-4.0,-28,8
2021-05-20,2021-05-01,1.0,29.0,26.0,-9.0,-25,9
2021-05-21,2021-05-01,-4.0,20.0,18.0,-16.0,-22,11
2021-05-22,2021-05-01,-7.0,22.0,16.0,-10.0,-11,7
2021-05-23,2021-05-01,-6.0,23.0,21.0,-6.0,0,6
2021-05-24,2021-05-01,-7.0,16.0,12.0,-12.0,-21,9
2021-05-25,2021-05-01,1.0,30.0,20.0,-2.0,-21,8
2021-05-26,2021-05-01,15.0,37.0,55.0,-2.0,-56,15
2021-05-27,2021-05-01,4.0,32.0,19.0,-7.0,-19,8
2021-05-28,2021-05-01,3.0,28.0,17.0,-11.0,-17,9
2021-05-29,2021-05-01,-8.0,20.0,8.0,-5.0,-7,7
2021-05-30,2021-05-01,2.0,32.0,28.0,1.0,2,5
2021-05-31,2021-05-01,7.0,33.0,31.0,-3.0,-21,8
2021-06-01,2021-06-01,16.0,40.0,53.0,0.0,-58,15
2021-06-02,2021-06-01,5.0,34.0,21.0,-4.0,-19,8
2021-06-03,2021-06-01,8.0,39.0,22.0,-5.0,-18,8
2021-06-04,2021-06-01,4.0,30.0,19.0,-11.0,-16,10
2021-06-05,2021-06-01,3.0,34.0,21.0,-4.0,-6,5
2021-06-06,2021-06-01,0.0,27.0,22.0,-1.0,1,6
2021-06-07,2021-06-01,3.0,30.0,22.0,-9.0,-18,8
2021-06-08,2021-06-01,2.0,28.0,18.0,-11.0,-19,9
2021-06-09,2021-06-01,5.0,30.0,20.0,-10.0,-18,9
2021-06-10,2021-06-01,6.0,34.0,18.0,-10.0,-17,9
2021-06-11,2021-06-01,-1.0,23.0,11.0,-16.0,-16,11
2021-06-12,2021-06-01,-1.0,28.0,15.0,-11.0,-5,7
2021-06-13,2021-06-01,-3.0,24.0,19.0,-7.0,1,7
2021-06-14,2021-06-01,0.0,25.0,17.0,-13.0,-19,9
2021-06-15,2021-06-01,-4.0,21.0,11.0,-15.0,-20,10
2021-06-16,2021-06-01,-1.0,25.0,11.0,-15.0,-21,10
2021-06-17,2021-06-01,-4.0,24.0,7.0,-15.0,-21,11
2021-06-18,2021-06-01,-11.0,14.0,0.0,-24.0,-20,13
2021-06-19,2021-06-01,-17.0,15.0,-11.0,-25.0,-9,11
2021-06-20,2021-06-01,-21.0,8.0,-11.0,-27.0,-4,11
2021-06-21,2021-06-01,-12.0,17.0,0.0,-24.0,-25,13
2021-06-22,2021-06-01,-9.0,22.0,2.0,-24.0,-26,12
2021-06-23,2021-06-01,-10.0,19.0,0.0,-25.0,-27,14
2021-06-24,2021-06-01,-9.0,23.0,-2.0,-25.0,-26,14
2021-06-25,2021-06-01,-9.0,24.0,0.0,-30.0,-25,15
2021-06-26,2021-06-01,-17.0,19.0,-13.0,-32.0,-12,12
2021-06-27,2021-06-01,-22.0,12.0,-16.0,-34.0,-5,13
2021-06-28,2021-06-01,-9.0,25.0,3.0,-28.0,-29,14
2021-06-29,2021-06-01,-12.0,22.0,-2.0,-29.0,-31,15
2021-06-30,2021-06-01,-10.0,26.0,-1.0,-29.0,-32,14
2021-07-01,2021-07-01,-7.0,35.0,-2.0,-27.0,-31,16
2021-07-02,2021-07-01,-8.0,31.0,0.0,-31.0,-29,17
2021-07-03,2021-07-01,-24.0,20.0,-21.0,-40.0,-19,15
2021-07-04,2021-07-01,-29.0,13.0,-27.0,-43.0,-12,16
2021-07-05,2021-07-01,-17.0,23.0,-6.0,-37.0,-35,18
2021-07-06,2021-07-01,-18.0,22.0,-9.0,-37.0,-36,18
2021-07-07,2021-07-01,-17.0,23.0,-6.0,-38.0,-36,18
2021-07-08,2021-07-01,-17.0,23.0,-8.0,-38.0,-35,19
2021-07-09,2021-07-01,-22.0,15.0,-13.0,-45.0,-35,21
2021-07-10,2021-07-01,-30.0,11.0,-28.0,-47.0,-20,17
2021-07-11,2021-07-01,-33.0,7.0,-30.0,-47.0,-12,16
2021-07-12,2021-07-01,-20.0,15.0,-8.0,-43.0,-36,18
2021-07-13,2021-07-01,-22.0,14.0,-9.0,-42.0,-37,19
2021-07-14,2021-07-01,-18.0,17.0,-8.0,-41.0,-36,18
2021-07-15,2021-07-01,-17.0,21.0,-8.0,-40.0,-34,18
2021-07-16,2021-07-01,-21.0,14.0,-12.0,-46.0,-33,20
2021-07-17,2021-07-01,-28.0,11.0,-26.0,-46.0,-16,15
2021-07-18,2021-07-01,-31.0,8.0,-28.0,-48.0,-7,16
2021-07-19,2021-07-01,-13.0,25.0,0.0,-39.0,-40,17
2021-07-20,2021-07-01,-32.0,-3.0,-11.0,-56.0,-74,25
2021-07-21,2021-07-01,-17.0,19.0,-4.0,-37.0,-34,15
2021-07-22,2021-07-01,-21.0,23.0,-5.0,-35.0,-32,16
2021-07-23,2021-07-01,-27.0,12.0,-14.0,-43.0,-30,18
2021-07-24,2021-07-01,-31.0,15.0,-23.0,-43.0,-14,14
2021-07-25,2021-07-01,-30.0,16.0,-20.0,-41.0,-6,13
2021-07-26,2021-07-01,-20.0,20.0,-3.0,-35.0,-29,15
2021-07-27,2021-07-01,-20.0,20.0,-5.0,-35.0,-30,15
2021-07-28,2021-07-01,-16.0,24.0,-1.0,-33.0,-29,15
2021-07-29,2021-07-01,-15.0,26.0,-2.0,-33.0,-28,15
2021-07-30,2021-07-01,-18.0,21.0,-6.0,-38.0,-26,16
2021-07-31,2021-07-01,-23.0,20.0,-17.0,-38.0,-10,12
2021-08-01,2021-08-01,-24.0,20.0,-16.0,-36.0,-6,11
2021-08-02,2021-08-01,-13.0,27.0,1.0,-32.0,-26,13
2021-08-03,2021-08-01,-14.0,26.0,-3.0,-30.0,-27,13
2021-08-04,2021-08-01,-12.0,26.0,1.0,-29.0,-26,13
2021-08-05,2021-08-01,-11.0,28.0,-2.0,-30.0,-25,13
2021-08-06,2021-08-01,-11.0,25.0,0.0,-32.0,-24,14
2021-08-07,2021-08-01,-17.0,25.0,-9.0,-31.0,-10,10
2021-08-08,2021-08-01,-19.0,21.0,-7.0,-31.0,-4,10
2021-08-09,2021-08-01,-13.0,22.0,2.0,-31.0,-26,13
2021-08-10,2021-08-01,-12.0,24.0,3.0,-28.0,-29,13
2021-08-11,2021-08-01,0.0,33.0,22.0,-32.0,-56,18
2021-08-12,2021-08-01,-7.0,27.0,3.0,-27.0,-22,12
2021-08-13,2021-08-01,-12.0,19.0,-2.0,-33.0,-22,14
2021-08-14,2021-08-01,-16.0,19.0,-8.0,-30.0,-6,10
2021-08-15,2021-08-01,-17.0,18.0,-3.0,-31.0,0,10
2021-08-16,2021-08-01,-5.0,25.0,13.0,-28.0,-27,11
2021-08-17,2021-08-01,-9.0,19.0,28.0,-35.0,-66,20
2021-08-18,2021-08-01,-10.0,20.0,1.0,-27.0,-22,12
2021-08-19,2021-08-01,-10.0,19.0,-3.0,-29.0,-21,13
2021-08-20,2021-08-01,-9.0,19.0,0.0,-32.0,-19,13
2021-08-21,2021-08-01,-15.0,17.0,-9.0,-31.0,-5,10
2021-08-22,2021-08-01,-15.0,17.0,-2.0,-29.0,1,9
2021-08-23,2021-08-01,-10.0,17.0,3.0,-30.0,-21,11
2021-08-24,2021-08-01,-11.0,17.0,0.0,-28.0,-22,12
2021-08-25,2021-08-01,-3.0,27.0,6.0,-25.0,-21,11
2021-08-26,2021-08-01,0.0,29.0,6.0,-24.0,-20,11
2021-08-27,2021-08-01,-2.0,24.0,5.0,-27.0,-18,12
2021-08-28,2021-08-01,-4.0,27.0,6.0,-22.0,-4,7
2021-08-29,2021-08-01,-7.0,22.0,8.0,-20.0,2,8
2021-08-30,2021-08-01,-2.0,22.0,6.0,-25.0,-20,10
2021-08-31,2021-08-01,-2.0,27.0,3.0,-23.0,-20,10
2021-09-01,2021-09-01,4.0,36.0,11.0,-20.0,-20,9
2021-09-02,2021-09-01,8.0,37.0,11.0,-18.0,-18,9
2021-09-03,2021-09-01,4.0,29.0,9.0,-21.0,-17,11
2021-09-04,2021-09-01,1.0,31.0,14.0,-16.0,-5,7
2021-09-05,2021-09-01,1.0,31.0,21.0,-12.0,0,6
2021-09-06,2021-09-01,1.0,24.0,7.0,-21.0,-19,10
2021-09-07,2021-09-01,0.0,24.0,5.0,-21.0,-19,10
2021-09-08,2021-09-01,2.0,25.0,9.0,-20.0,-18,10
2021-09-09,2021-09-01,6.0,32.0,11.0,-17.0,-17,9
2021-09-10,2021-09-01,4.0,26.0,9.0,-20.0,-15,10
2021-09-11,2021-09-01,0.0,27.0,12.0,-16.0,-4,7
2021-09-12,2021-09-01,-1.0,24.0,17.0,-14.0,1,7
2021-09-13,2021-09-01,1.0,22.0,9.0,-19.0,-18,9
2021-09-14,2021-09-01,-8.0,12.0,-8.0,-23.0,-22,12
2021-09-15,2021-09-01,5.0,28.0,10.0,-17.0,-18,9
2021-09-16,2021-09-01,6.0,30.0,10.0,-16.0,-18,9
2021-09-17,2021-09-01,4.0,24.0,10.0,-19.0,-16,10
2021-09-18,2021-09-01,0.0,26.0,13.0,-17.0,-4,7
2021-09-19,2021-09-01,-4.0,20.0,16.0,-17.0,0,8
2021-09-20,2021-09-01,1.0,23.0,7.0,-20.0,-17,9
2021-09-21,2021-09-01,-2.0,19.0,2.0,-20.0,-18,10
2021-09-22,2021-09-01,5.0,25.0,10.0,-18.0,-15,9
2021-09-23,2021-09-01,5.0,26.0,8.0,-16.0,-14,9
2021-09-24,2021-09-01,5.0,25.0,9.0,-18.0,-13,10
2021-09-25,2021-09-01,2.0,28.0,13.0,-13.0,-2,6
2021-09-26,2021-09-01,0.0,23.0,17.0,-12.0,2,7
2021-09-27,2021-09-01,3.0,23.0,9.0,-17.0,-15,9
2021-09-28,2021-09-01,5.0,27.0,10.0,-16.0,-15,8
2021-09-29,2021-09-01,8.0,28.0,14.0,-14.0,-14,8
2021-09-30,2021-09-01,10.0,36.0,12.0,-11.0,-13,8
2021-10-01,2021-10-01,12.0,37.0,15.0,-12.0,-12,9
2021-10-02,2021-10-01,10.0,39.0,24.0,-4.0,-3,5
2021-10-03,2021-10-01,9.0,35.0,31.0,-1.0,0,5
2021-10-04,2021-10-01,4.0,25.0,8.0,-12.0,-14,9
2021-10-05,2021-10-01,9.0,33.0,12.0,-13.0,-15,8
2021-10-06,2021-10-01,12.0,33.0,18.0,-10.0,-13,8
2021-10-07,2021-10-01,14.0,36.0,18.0,-9.0,-12,8
2021-10-08,2021-10-01,10.0,29.0,17.0,-11.0,-11,9
2021-10-09,2021-10-01,10.0,34.0,25.0,-4.0,-2,5
2021-10-10,2021-10-01,10.0,33.0,32.0,-1.0,1,5
2021-10-11,2021-10-01,6.0,25.0,13.0,-12.0,-12,9
2021-10-12,2021-10-01,8.0,28.0,14.0,-12.0,-13,8
2021-10-13,2021-10-01,11.0,29.0,17.0,-11.0,-12,8
2021-10-14,2021-10-01,12.0,32.0,16.0,-9.0,-11,8
2021-10-15,2021-10-01,7.0,27.0,15.0,-9.0,-10,9
2021-10-16,2021-10-01,5.0,28.0,20.0,-3.0,-2,6
2021-10-17,2021-10-01,4.0,26.0,26.0,-4.0,1,6
2021-10-18,2021-10-01,-5.0,13.0,4.0,-14.0,-16,11
2021-10-19,2021-10-01,5.0,25.0,15.0,-7.0,-17,8
2021-10-20,2021-10-01,22.0,36.0,51.0,-8.0,-54,16
2021-10-21,2021-10-01,8.0,29.0,14.0,-8.0,-11,8
2021-10-22,2021-10-01,5.0,23.0,12.0,-14.0,-10,9
2021-10-23,2021-10-01,5.0,26.0,18.0,-10.0,0,6
2021-10-24,2021-10-01,3.0,23.0,21.0,-7.0,2,7
2021-10-25,2021-10-01,6.0,26.0,14.0,-11.0,-11,8
2021-10-26,2021-10-01,7.0,27.0,12.0,-10.0,-12,8
2021-10-27,2021-10-01,4.0,22.0,9.0,-11.0,-11,9
2021-10-28,2021-10-01,12.0,37.0,13.0,-6.0,-10,8
2021-10-29,2021-10-01,10.0,31.0,13.0,-7.0,-8,8
2021-10-30,2021-10-01,6.0,31.0,15.0,-3.0,0,6
2021-10-31,2021-10-01,7.0,30.0,18.0,1.0,3,6
2021-11-01,2021-11-01,4.0,27.0,6.0,-8.0,-11,8
2021-11-02,2021-11-01,5.0,28.0,5.0,-8.0,-12,8
2021-11-03,2021-11-01,15.0,38.0,19.0,-5.0,-10,7
2021-11-04,2021-11-01,12.0,34.0,12.0,-4.0,-9,8
2021-11-05,2021-11-01,12.0,32.0,15.0,-5.0,-8,9
2021-11-06,2021-11-01,10.0,34.0,19.0,0.0,-2,5
2021-11-07,2021-11-01,0.0,19.0,10.0,-2.0,-3,8
2021-11-08,2021-11-01,13.0,35.0,20.0,-4.0,-10,7
2021-11-09,2021-11-01,5.0,24.0,7.0,-8.0,-11,8
2021-11-10,2021-11-01,9.0,28.0,12.0,-5.0,-10,8
2021-11-11,2021-11-01,16.0,39.0,16.0,-3.0,-9,7
2021-11-12,2021-11-01,4.0,19.0,8.0,-9.0,-8,10
2021-11-13,2021-11-01,4.0,26.0,8.0,-4.0,-1,7
2021-11-14,2021-11-01,8.0,27.0,16.0,0.0,1,7
2021-11-15,2021-11-01,6.0,24.0,9.0,-7.0,-10,8
2021-11-16,2021-11-01,8.0,26.0,9.0,-7.0,-10,8
2021-11-17,2021-11-01,9.0,26.0,12.0,-6.0,-9,8
2021-11-18,2021-11-01,13.0,32.0,15.0,-4.0,-8,8
2021-11-19,2021-11-01,4.0,20.0,5.0,-8.0,-7,10
2021-11-20,2021-11-01,6.0,28.0,12.0,-5.0,0,7
2021-11-21,2021-11-01,8.0,28.0,18.0,-1.0,1,7
2021-11-22,2021-11-01,7.0,25.0,12.0,-8.0,-9,8
2021-11-23,2021-11-01,5.0,23.0,9.0,-8.0,-10,9
2021-11-24,2021-11-01,11.0,29.0,17.0,-5.0,-8,8
2021-11-25,2021-11-01,11.0,33.0,14.0,-2.0,-8,8
2021-11-26,2021-11-01,4.0,21.0,6.0,-6.0,-7,10
2021-11-27,2021-11-01,3.0,26.0,5.0,-1.0,0,6
2021-11-28,2021-11-01,6.0,29.0,11.0,2.0,1,7
2021-11-29,2021-11-01,10.0,31.0,15.0,-4.0,-9,8
2021-11-30,2021-11-01,10.0,34.0,11.0,-3.0,-9,8
2021-12-01,2021-12-01,18.0,44.0,20.0,1.0,-8,7
2021-12-02,2021-12-01,19.0,45.0,21.0,1.0,-7,7
2021-12-03,2021-12-01,17.0,39.0,22.0,-1.0,-6,8
2021-12-04,2021-12-01,6.0,30.0,8.0,1.0,-1,7
2021-12-05,2021-12-01,12.0,36.0,19.0,6.0,0,6
2021-12-06,2021-12-01,7.0,25.0,12.0,-6.0,-9,8
2021-12-07,2021-12-01,6.0,29.0,7.0,-7.0,-10,10
2021-12-08,2021-12-01,16.0,36.0,20.0,-1.0,-5,7
2021-12-09,2021-12-01,14.0,34.0,14.0,-1.0,-4,8
2021-12-10,2021-12-01,12.0,30.0,13.0,-2.0,-2,8
2021-12-11,2021-12-01,5.0,28.0,9.0,2.0,7,6
2021-12-12,2021-12-01,11.0,34.0,19.0,7.0,9,5
2021-12-13,2021-12-01,12.0,31.0,18.0,-1.0,-4,7
2021-12-14,2021-12-01,11.0,31.0,16.0,-2.0,-5,7
2021-12-15,2021-12-01,15.0,30.0,19.0,1.0,-5,7
2021-12-16,2021-12-01,12.0,29.0,12.0,4.0,-4,8
2021-12-17,2021-12-01,13.0,30.0,15.0,1.0,-3,8
2021-12-18,2021-12-01,11.0,31.0,18.0,8.0,7,5
2021-12-19,2021-12-01,14.0,33.0,25.0,11.0,10,4
2021-12-20,2021-12-01,9.0,24.0,14.0,-1.0,-6,8
2021-12-21,2021-12-01,12.0,31.0,14.0,2.0,-8,8
2021-12-22,2021-12-01,17.0,33.0,22.0,4.0,-7,7
2021-12-23,2021-12-01,15.0,34.0,16.0,6.0,-6,7
2021-12-24,2021-12-01,18.0,39.0,20.0,2.0,-10,8
2021-12-25,2021-12-01,9.0,29.0,19.0,-5.0,-26,9
2021-12-26,2021-12-01,12.0,33.0,24.0,0.0,9,5
2021-12-27,2021-12-01,12.0,28.0,20.0,-2.0,-14,9
2021-12-28,2021-12-01,15.0,35.0,23.0,2.0,-14,8
2021-12-29,2021-12-01,18.0,37.0,29.0,3.0,-14,8
2021-12-30,2021-12-01,25.0,48.0,34.0,12.0,-15,7
2021-12-31,2021-12-01,34.0,68.0,69.0,11.0,-23,6
2022-01-01,2022-01-01,12.0,36.0,72.0,-3.0,-45,7
2022-01-02,2022-01-01,15.0,42.0,49.0,13.0,0,4
2022-01-03,2022-01-01,17.0,39.0,37.0,7.0,-13,7
2022-01-04,2022-01-01,15.0,38.0,31.0,4.0,-11,7
2022-01-05,2022-01-01,17.0,38.0,34.0,4.0,-10,7
2022-01-06,2022-01-01,11.0,32.0,23.0,3.0,-9,8
2022-01-07,2022-01-01,7.0,25.0,16.0,-2.0,-7,10
2022-01-08,2022-01-01,12.0,38.0,30.0,6.0,3,5
2022-01-09,2022-01-01,13.0,36.0,35.0,9.0,9,5
2022-01-10,2022-01-01,10.0,31.0,18.0,-2.0,-3,7
2022-01-11,2022-01-01,4.0,23.0,9.0,-4.0,-3,8
2022-01-12,2022-01-01,8.0,27.0,16.0,-2.0,-2,8
2022-01-13,2022-01-01,15.0,38.0,21.0,1.0,0,7
2022-01-14,2022-01-01,7.0,26.0,15.0,-5.0,1,9
2022-01-15,2022-01-01,7.0,30.0,20.0,-2.0,8,7
2022-01-16,2022-01-01,10.0,31.0,29.0,1.0,10,7
2022-01-17,2022-01-01,8.0,26.0,17.0,-6.0,0,8
2022-01-18,2022-01-01,4.0,24.0,13.0,-7.0,0,9
2022-01-19,2022-01-01,14.0,35.0,20.0,-5.0,1,8
2022-01-20,2022-01-01,15.0,36.0,17.0,-4.0,3,9
2022-01-21,2022-01-01,12.0,30.0,20.0,-7.0,5,9
2022-01-22,2022-01-01,9.0,29.0,19.0,-8.0,10,8
2022-01-23,2022-01-01,8.0,27.0,22.0,-7.0,13,9
2022-01-24,2022-01-01,9.0,27.0,19.0,-10.0,3,9
2022-01-25,2022-01-01,13.0,35.0,18.0,-7.0,2,8
2022-01-26,2022-01-01,15.0,34.0,21.0,-6.0,2,9
2022-01-27,2022-01-01,18.0,39.0,22.0,-4.0,3,8
2022-01-28,2022-01-01,14.0,34.0,18.0,-5.0,5,10
2022-01-29,2022-01-01,14.0,39.0,26.0,0.0,12,7
2022-01-30,2022-01-01,10.0,31.0,25.0,-4.0,13,8
2022-01-31,2022-01-01,17.0,37.0,28.0,-7.0,-5,9
2022-02-01,2022-02-01,30.0,48.0,58.0,-5.0,-54,18
2022-02-02,2022-02-01,17.0,44.0,23.0,-3.0,0,9
2022-02-03,2022-02-01,15.0,41.0,18.0,-8.0,0,10
2022-02-04,2022-02-01,6.0,26.0,11.0,-17.0,0,13
2022-02-05,2022-02-01,6.0,34.0,11.0,-15.0,8,10
2022-02-06,2022-02-01,7.0,32.0,17.0,-13.0,10,10
2022-02-07,2022-02-01,9.0,32.0,14.0,-17.0,-6,12
2022-02-08,2022-02-01,5.0,27.0,11.0,-19.0,-8,13
2022-02-09,2022-02-01,8.0,28.0,12.0,-19.0,-7,13
2022-02-10,2022-02-01,15.0,43.0,21.0,-15.0,-6,12
2022-02-11,2022-02-01,10.0,31.0,16.0,-20.0,-5,14
2022-02-12,2022-02-01,5.0,31.0,14.0,-20.0,6,11
2022-02-13,2022-02-01,-1.0,22.0,10.0,-21.0,8,12
2022-02-14,2022-02-01,4.0,27.0,12.0,-21.0,-9,14
2022-02-15,2022-02-01,5.0,28.0,11.0,-21.0,-10,14
2022-02-16,2022-02-01,4.0,25.0,12.0,-21.0,-9,14
2022-02-17,2022-02-01,6.0,31.0,10.0,-20.0,-9,14
2022-02-18,2022-02-01,1.0,23.0,6.0,-25.0,-7,15
2022-02-19,2022-02-01,-1.0,26.0,5.0,-24.0,6,12
2022-02-20,2022-02-01,-2.0,23.0,7.0,-22.0,10,12
2022-02-21,2022-02-01,2.0,24.0,11.0,-22.0,-8,14
2022-02-22,2022-02-01,2.0,24.0,11.0,-21.0,-8,14
2022-02-23,2022-02-01,6.0,28.0,19.0,-19.0,-7,14
2022-02-24,2022-02-01,9.0,34.0,22.0,-16.0,-5,13
2022-02-25,2022-02-01,9.0,37.0,20.0,-14.0,-4,15
2022-02-26,2022-02-01,6.0,38.0,19.0,1.0,8,10
2022-02-27,2022-02-01,11.0,38.0,40.0,-4.0,11,9
2022-02-28,2022-02-01,25.0,45.0,72.0,-4.0,-54,19
2022-03-01,2022-03-01,7.0,36.0,20.0,-9.0,-6,13
2022-03-02,2022-03-01,15.0,42.0,32.0,-7.0,-5,11
2022-03-03,2022-03-01,27.0,49.0,62.0,-9.0,-47,20
2022-03-04,2022-03-01,9.0,33.0,32.0,-16.0,-1,16
2022-03-05,2022-03-01,-2.0,23.0,14.0,-17.0,9,14
2022-03-06,2022-03-01,6.0,32.0,25.0,-8.0,17,12
2022-03-07,2022-03-01,5.0,26.0,30.0,-14.0,0,15
2022-03-08,2022-03-01,4.0,26.0,31.0,-14.0,1,16
2022-03-09,2022-03-01,8.0,31.0,38.0,-12.0,3,16
2022-03-10,2022-03-01,6.0,31.0,37.0,-11.0,5,17
2022-03-11,2022-03-01,4.0,25.0,34.0,-13.0,7,19
2022-03-12,2022-03-01,4.0,30.0,31.0,-8.0,18,15
2022-03-13,2022-03-01,4.0,28.0,36.0,-4.0,22,15
2022-03-14,2022-03-01,4.0,24.0,42.0,-11.0,6,18
2022-03-15,2022-03-01,6.0,29.0,40.0,-9.0,5,18
2022-03-16,2022-03-01,12.0,33.0,51.0,-6.0,7,16
2022-03-17,2022-03-01,9.0,32.0,45.0,-7.0,8,17
2022-03-18,2022-03-01,5.0,24.0,40.0,-10.0,9,18
2022-03-19,2022-03-01,6.0,31.0,43.0,-4.0,20,14
2022-03-20,2022-03-01,5.0,28.0,41.0,-1.0,23,14
2022-03-21,2022-03-01,7.0,27.0,48.0,-7.0,7,17
2022-03-22,2022-03-01,7.0,27.0,45.0,-7.0,7,17
2022-03-23,2022-03-01,9.0,28.0,49.0,-5.0,7,16
2022-03-24,2022-03-01,13.0,34.0,52.0,-1.0,9,16
2022-03-25,2022-03-01,13.0,35.0,52.0,-1.0,10,16
2022-03-26,2022-03-01,6.0,32.0,44.0,5.0,20,13
2022-03-27,2022-03-01,11.0,35.0,52.0,11.0,24,11
2022-03-28,2022-03-01,15.0,37.0,62.0,3.0,8,15
2022-03-29,2022-03-01,15.0,36.0,60.0,1.0,7,15
2022-03-30,2022-03-01,20.0,41.0,67.0,4.0,8,14
2022-03-31,2022-03-01,20.0,45.0,62.0,8.0,7,14
2022-04-01,2022-04-01,25.0,56.0,70.0,6.0,-2,15
2022-04-02,2022-04-01,6.0,47.0,26.0,-10.0,6,16
2022-04-03,2022-04-01,-33.0,-2.0,-24.0,-36.0,4,24
2022-04-04,2022-04-01,-3.0,28.0,36.0,-14.0,-2,20
2022-04-05,2022-04-01,-9.0,17.0,24.0,-17.0,3,20
2022-04-06,2022-04-01,-2.0,24.0,34.0,-15.0,6,19
2022-04-07,2022-04-01,1.0,28.0,35.0,-14.0,8,19
2022-04-08,2022-04-01,-1.0,23.0,31.0,-20.0,10,20
2022-04-09,2022-04-01,-5.0,23.0,7.0,-24.0,20,18
2022-04-10,2022-04-01,-7.0,20.0,-3.0,-24.0,25,19
2022-04-11,2022-04-01,-1.0,20.0,33.0,-16.0,8,19
2022-04-12,2022-04-01,2.0,26.0,36.0,-12.0,7,19
2022-04-13,2022-04-01,7.0,29.0,41.0,-10.0,8,18
2022-04-14,2022-04-01,13.0,38.0,44.0,2.0,8,16
2022-04-15,2022-04-01,18.0,35.0,45.0,-17.0,-42,28
2022-04-16,2022-04-01,2.0,28.0,17.0,-19.0,15,18
2022-04-17,2022-04-01,2.0,27.0,7.0,-11.0,28,17
2022-04-18,2022-04-01,6.0,27.0,38.0,-9.0,8,18
2022-04-19,2022-04-01,4.0,25.0,30.0,-9.0,6,19
2022-04-20,2022-04-01,14.0,39.0,42.0,-4.0,7,17
2022-04-21,2022-04-01,17.0,43.0,44.0,-1.0,8,17
2022-04-22,2022-04-01,7.0,27.0,32.0,-11.0,9,19
2022-04-23,2022-04-01,14.0,45.0,21.0,-2.0,21,14
2022-04-24,2022-04-01,14.0,42.0,10.0,1.0,32,15
2022-04-25,2022-04-01,18.0,40.0,47.0,2.0,-2,18
2022-04-26,2022-04-01,30.0,60.0,58.0,14.0,-4,16
2022-04-27,2022-04-01,30.0,57.0,60.0,26.0,-7,16
2022-04-28,2022-04-01,42.0,79.0,73.0,44.0,-12,15
2022-04-29,2022-04-01,42.0,77.0,83.0,36.0,-37,21
2022-04-30,2022-04-01,21.0,64.0,49.0,29.0,-20,16
2022-05-01,2022-05-01,17.0,68.0,53.0,16.0,0,14
2022-05-02,2022-05-01,16.0,35.0,147.0,1.0,-74,16
2022-05-03,2022-05-01,44.0,74.0,230.0,43.0,-74,13
2022-05-04,2022-05-01,46.0,68.0,256.0,41.0,-68,15
2022-05-05,2022-05-01,52.0,76.0,244.0,42.0,-62,15
2022-05-06,2022-05-01,34.0,54.0,165.0,25.0,-56,20
2022-05-07,2022-05-01,13.0,40.0,99.0,26.0,-27,13
2022-05-08,2022-05-01,14.0,43.0,73.0,29.0,9,11
2022-05-09,2022-05-01,16.0,33.0,79.0,19.0,-10,17
2022-05-10,2022-05-01,27.0,52.0,86.0,26.0,-8,15
2022-05-11,2022-05-01,25.0,46.0,76.0,18.0,-5,16
2022-05-12,2022-05-01,24.0,47.0,69.0,13.0,6,14
2022-05-13,2022-05-01,17.0,37.0,60.0,6.0,8,16
2022-05-14,2022-05-01,13.0,39.0,61.0,18.0,15,12
2022-05-15,2022-05-01,14.0,36.0,77.0,20.0,17,12
2022-05-16,2022-05-01,31.0,43.0,117.0,18.0,-50,23
2022-05-17,2022-05-01,11.0,33.0,55.0,9.0,6,15
2022-05-18,2022-05-01,15.0,36.0,60.0,4.0,6,15
2022-05-19,2022-05-01,12.0,33.0,50.0,1.0,7,16
2022-05-20,2022-05-01,10.0,29.0,48.0,-6.0,10,16
2022-05-21,2022-05-01,6.0,29.0,41.0,-5.0,18,14
2022-05-22,2022-05-01,7.0,30.0,45.0,-1.0,23,14
2022-05-23,2022-05-01,10.0,30.0,58.0,-4.0,8,16
2022-05-24,2022-05-01,11.0,31.0,56.0,-2.0,7,16
2022-05-25,2022-05-01,17.0,38.0,63.0,8.0,6,14
2022-05-26,2022-05-01,31.0,48.0,95.0,7.0,-44,23
2022-05-27,2022-05-01,13.0,33.0,57.0,-5.0,8,16
2022-05-28,2022-05-01,9.0,32.0,47.0,-2.0,17,14
2022-05-29,2022-05-01,8.0,31.0,44.0,5.0,25,13
2022-05-30,2022-05-01,11.0,31.0,55.0,-3.0,9,15
2022-05-31,2022-05-01,12.0,34.0,52.0,1.0,7,14
2022-06-01,2022-06-01,33.0,51.0,98.0,-1.0,-45,24
2022-06-02,2022-06-01,10.0,35.0,50.0,-1.0,10,15
2022-06-03,2022-06-01,14.0,38.0,58.0,-4.0,12,16
2022-06-04,2022-06-01,9.0,36.0,49.0,-3.0,19,14
2022-06-05,2022-06-01,5.0,31.0,44.0,0.0,23,15
2022-06-06,2022-06-01,4.0,24.0,44.0,-6.0,9,16
2022-06-07,2022-06-01,14.0,39.0,57.0,-2.0,9,15
2022-06-08,2022-06-01,13.0,34.0,55.0,-2.0,9,16
2022-06-09,2022-06-01,12.0,35.0,50.0,-2.0,10,16
2022-06-10,2022-06-01,13.0,34.0,52.0,-4.0,13,16
2022-06-11,2022-06-01,9.0,33.0,45.0,-3.0,22,14
2022-06-12,2022-06-01,7.0,30.0,43.0,0.0,24,15
2022-06-13,2022-06-01,10.0,30.0,54.0,-2.0,9,16
2022-06-14,2022-06-01,11.0,31.0,52.0,-2.0,8,16
2022-06-15,2022-06-01,13.0,33.0,55.0,-1.0,7,16
2022-06-16,2022-06-01,15.0,36.0,56.0,2.0,8,16
2022-06-17,2022-06-01,9.0,28.0,45.0,-3.0,9,17
2022-06-18,2022-06-01,7.0,30.0,41.0,-2.0,20,14
2022-06-19,2022-06-01,8.0,31.0,45.0,0.0,27,14
2022-06-20,2022-06-01,8.0,28.0,54.0,-1.0,6,17
2022-06-21,2022-06-01,12.0,33.0,58.0,1.0,5,16
2022-06-22,2022-06-01,13.0,32.0,60.0,2.0,4,16
2022-06-23,2022-06-01,15.0,36.0,59.0,4.0,5,16
2022-06-24,2022-06-01,12.0,32.0,50.0,-1.0,7,17
2022-06-25,2022-06-01,10.0,36.0,47.0,4.0,20,13
2022-06-26,2022-06-01,5.0,27.0,38.0,6.0,25,14
2022-06-27,2022-06-01,11.0,30.0,61.0,4.0,0,17
2022-06-28,2022-06-01,13.0,35.0,63.0,6.0,-1,17
2022-06-29,2022-06-01,19.0,40.0,70.0,9.0,0,16
2022-06-30,2022-06-01,21.0,47.0,67.0,12.0,2,16
2022-07-01,2022-07-01,19.0,45.0,64.0,8.0,2,17
2022-07-02,2022-07-01,16.0,45.0,61.0,17.0,13,13
2022-07-03,2022-07-01,17.0,42.0,59.0,20.0,24,12
2022-07-04,2022-07-01,19.0,40.0,72.0,13.0,-1,16
2022-07-05,2022-07-01,17.0,41.0,67.0,12.0,-1,16
2022-07-06,2022-07-01,20.0,39.0,68.0,14.0,-1,16
2022-07-07,2022-07-01,24.0,47.0,71.0,17.0,1,15
2022-07-08,2022-07-01,21.0,45.0,65.0,15.0,1,17
2022-07-09,2022-07-01,14.0,48.0,54.0,5.0,-12,17
2022-07-10,2022-07-01,-6.0,18.0,31.0,-8.0,3,16
2022-07-11,2022-07-01,18.0,41.0,79.0,13.0,-4,15
2022-07-12,2022-07-01,15.0,37.0,66.0,12.0,-2,16
2022-07-13,2022-07-01,14.0,35.0,65.0,10.0,-1,16
2022-07-14,2022-07-01,19.0,42.0,68.0,11.0,2,15
2022-07-15,2022-07-01,10.0,29.0,52.0,2.0,4,17
2022-07-16,2022-07-01,5.0,30.0,35.0,3.0,10,16
2022-07-17,2022-07-01,17.0,47.0,50.0,13.0,26,13
2022-07-18,2022-07-01,14.0,37.0,61.0,1.0,8,15
2022-07-19,2022-07-01,14.0,36.0,59.0,1.0,10,19
2022-07-20,2022-07-01,15.0,38.0,61.0,1.0,10,15
2022-07-21,2022-07-01,15.0,39.0,59.0,1.0,11,15
2022-07-22,2022-07-01,11.0,30.0,53.0,-3.0,13,16
2022-07-23,2022-07-01,9.0,34.0,50.0,1.0,21,14
2022-07-24,2022-07-01,5.0,30.0,38.0,1.0,23,15
2022-07-25,2022-07-01,10.0,35.0,51.0,-1.0,11,16
2022-07-26,2022-07-01,13.0,36.0,56.0,2.0,11,15
2022-07-27,2022-07-01,16.0,38.0,62.0,3.0,12,15
2022-07-28,2022-07-01,19.0,44.0,62.0,6.0,13,15
2022-07-29,2022-07-01,19.0,45.0,68.0,8.0,15,14
2022-07-30,2022-07-01,18.0,44.0,78.0,12.0,-11,16
2022-07-31,2022-07-01,15.0,42.0,57.0,14.0,27,14
2022-08-01,2022-08-01,17.0,44.0,62.0,5.0,13,15
2022-08-02,2022-08-01,16.0,42.0,58.0,3.0,13,15
2022-08-03,2022-08-01,18.0,42.0,61.0,3.0,13,15
2022-08-04,2022-08-01,20.0,43.0,57.0,5.0,14,15
2022-08-05,2022-08-01,19.0,42.0,61.0,3.0,16,15
2022-08-06,2022-08-01,15.0,40.0,51.0,4.0,21,14
2022-08-07,2022-08-01,13.0,39.0,46.0,7.0,23,15
2022-08-08,2022-08-01,16.0,38.0,60.0,2.0,14,15
2022-08-09,2022-08-01,14.0,37.0,56.0,2.0,14,15
2022-08-10,2022-08-01,17.0,40.0,61.0,4.0,15,14
2022-08-11,2022-08-01,17.0,41.0,58.0,4.0,16,15
2022-08-12,2022-08-01,10.0,30.0,51.0,-1.0,18,16
2022-08-13,2022-08-01,10.0,36.0,48.0,1.0,24,14
2022-08-14,2022-08-01,10.0,35.0,45.0,3.0,27,15
2022-08-15,2022-08-01,13.0,34.0,61.0,2.0,15,18
2022-08-16,2022-08-01,18.0,41.0,68.0,8.0,13,15
2022-08-17,2022-08-01,27.0,44.0,116.0,-9.0,-47,29
2022-08-18,2022-08-01,19.0,43.0,68.0,5.0,16,18
2022-08-19,2022-08-01,14.0,34.0,64.0,-1.0,18,19
2022-08-20,2022-08-01,9.0,34.0,52.0,-4.0,25,18
2022-08-21,2022-08-01,3.0,26.0,40.0,-3.0,26,19
2022-08-22,2022-08-01,11.0,33.0,61.0,0.0,16,19
2022-08-23,2022-08-01,11.0,33.0,58.0,-1.0,15,19
2022-08-24,2022-08-01,15.0,36.0,64.0,1.0,16,18
2022-08-25,2022-08-01,19.0,46.0,63.0,4.0,18,17
2022-08-26,2022-08-01,16.0,38.0,59.0,2.0,20,18
2022-08-27,2022-08-01,13.0,39.0,53.0,5.0,24,16
2022-08-28,2022-08-01,10.0,34.0,45.0,5.0,25,17
2022-08-29,2022-08-01,12.0,34.0,55.0,1.0,16,18
2022-08-30,2022-08-01,14.0,36.0,54.0,1.0,16,16
2022-08-31,2022-08-01,19.0,44.0,58.0,4.0,17,16
2022-09-01,2022-09-01,21.0,49.0,55.0,6.0,18,14
2022-09-02,2022-09-01,18.0,40.0,55.0,2.0,20,15
2022-09-03,2022-09-01,15.0,41.0,52.0,7.0,22,13
2022-09-04,2022-09-01,15.0,40.0,50.0,11.0,22,14
2022-09-05,2022-09-01,15.0,39.0,56.0,3.0,17,14
2022-09-06,2022-09-01,14.0,36.0,53.0,2.0,16,15
2022-09-07,2022-09-01,15.0,34.0,55.0,3.0,17,15
2022-09-08,2022-09-01,13.0,35.0,45.0,4.0,17,15
2022-09-09,2022-09-01,10.0,28.0,44.0,0.0,20,16
2022-09-10,2022-09-01,8.0,31.0,36.0,3.0,23,15
2022-09-11,2022-09-01,12.0,35.0,41.0,7.0,25,15
2022-09-12,2022-09-01,13.0,33.0,50.0,2.0,19,15
2022-09-13,2022-09-01,13.0,33.0,49.0,2.0,17,15
2022-09-14,2022-09-01,18.0,37.0,60.0,4.0,18,14
2022-09-15,2022-09-01,18.0,39.0,56.0,6.0,19,13
2022-09-16,2022-09-01,11.0,28.0,47.0,1.0,17,15
2022-09-17,2022-09-01,12.0,34.0,49.0,3.0,22,14
2022-09-18,2022-09-01,9.0,31.0,45.0,3.0,23,15
2022-09-19,2022-09-01,10.0,29.0,49.0,1.0,14,15
2022-09-20,2022-09-01,8.0,28.0,43.0,0.0,13,16
2022-09-21,2022-09-01,13.0,30.0,49.0,1.0,13,15
2022-09-22,2022-09-01,12.0,31.0,43.0,3.0,14,15
2022-09-23,2022-09-01,12.0,29.0,45.0,2.0,16,16
2022-09-24,2022-09-01,13.0,35.0,48.0,5.0,21,13
2022-09-25,2022-09-01,11.0,33.0,44.0,5.0,24,15
2022-09-26,2022-09-01,11.0,29.0,48.0,1.0,15,15
2022-09-27,2022-09-01,12.0,31.0,48.0,1.0,14,15
2022-09-28,2022-09-01,16.0,35.0,54.0,3.0,14,15
2022-09-29,2022-09-01,17.0,39.0,52.0,5.0,16,14
2022-09-30,2022-09-01,17.0,38.0,51.0,4.0,18,15
2022-10-01,2022-10-01,15.0,42.0,48.0,9.0,23,13
2022-10-02,2022-10-01,13.0,38.0,39.0,11.0,19,15